email prefix,sender,convId,theme
caok7,f1a10582-0c71-4500-b9b5-f9f1e173ce1b,1712168684289772168,Guiding Student in Text Summarization
caok7,f1a10582-0c71-4500-b9b5-f9f1e173ce1b,1712169406581685238,Creative Storytelling with Pikachu Scenarios
nkxie,d977c89a-5b77-4d1c-a49d-e673991bf329,1712181394570220676,AI's Knowledge Cutoff Date Explained
nkxie,d977c89a-5b77-4d1c-a49d-e673991bf329,1712528611489988012,Constructing Boolean Search Strings for Research
nkxie,d977c89a-5b77-4d1c-a49d-e673991bf329,1713248533692785025,Ethical Considerations of Airport People Movers
caok7,f1a10582-0c71-4500-b9b5-f9f1e173ce1b,1713377457089402388,Creating Research Paper Outline for AI Impact
caok7,f1a10582-0c71-4500-b9b5-f9f1e173ce1b,1713381096899119156,Interdisciplinary Engineering Research Topics
zhuochl3,6c57b180-0ccb-4712-9fc9-aa6317e665e1,1713397012232856031,Undergraduate Essay Writing Guidance
hsinga,a8b8657b-8bf7-4cd0-8d00-411e12dafc93,1713406106162198393,"""Researching AI Ethics in Aerospace"""
hsinga,a8b8657b-8bf7-4cd0-8d00-411e12dafc93,1713406587816114587,Brainstorming Topics for AI in Aerospace
isaiahch,642df191-88fb-4aab-8b14-7a50022ba447,1713491874958387617,Improving Student Writing Outlines
isaiahch,642df191-88fb-4aab-8b14-7a50022ba447,1713827011276438677,Crafting an Executive Summary for Engineering Paper
isaiahch,642df191-88fb-4aab-8b14-7a50022ba447,1713832167794865854,Research Databases for AI in Civil Engineering
nkxie,d977c89a-5b77-4d1c-a49d-e673991bf329,1714018618488437429,Expanding on Airport People Mover Reliability
zhuochl3,6c57b180-0ccb-4712-9fc9-aa6317e665e1,1714197892939889790,Creating Executive Summary for Engineering Paper
hsinga,a8b8657b-8bf7-4cd0-8d00-411e12dafc93,1714350501588203385,Creating Research Paper Outlines for Students
dhaywort,b4d52aa2-f239-4c8c-aa61-c61281bca6b1,1714413491124781467,Debating AI vs. Human-Generated IP
darylv,d6f51fba-564c-4298-b93f-733775241177,1714413526230536428,Debate Practice for Engineering Course
lhe15,c81ac4f1-9eea-4c24-85f5-b97b0d7cc253,1714413537350490939,Debate Practice on Ethical AI Use
darylv,d6f51fba-564c-4298-b93f-733775241177,1714413545111752269,**Title: Debating AI-Generated Content Ownership**
nkxie,d977c89a-5b77-4d1c-a49d-e673991bf329,1714454557961109571,Improving Academic Paper on Automated People Movers
caok7,f1a10582-0c71-4500-b9b5-f9f1e173ce1b,1714456946922450071,Evaluating a Draft on LLMs in Education
nkxie,d977c89a-5b77-4d1c-a49d-e673991bf329,1714775821170178864,Chess Game Between Student and AI
isaiahch,642df191-88fb-4aab-8b14-7a50022ba447,1715055856224951483,Title: Improving University-Level Earthquake Engineering Paper
isaiahch,642df191-88fb-4aab-8b14-7a50022ba447,1715060504817143905,Creating a Technical Research Paper Abstract
isaiahch,642df191-88fb-4aab-8b14-7a50022ba447,1715060532479755184,Refining Seismic Design in Civil Engineering
nkxie,d977c89a-5b77-4d1c-a49d-e673991bf329,1715229992568338388,"**Title:** Integrating AI into Traffic Intersections

This title encapsulates the main focus of the conversation, which is about developing a structured approach to a paper discussing the integration of AI and machine learning into traffic intersections to enhance their functionality and safety."
nkxie,d977c89a-5b77-4d1c-a49d-e673991bf329,1715634110905179590,"Defining ""Security"" in Engineering"
nkxie,d977c89a-5b77-4d1c-a49d-e673991bf329,1715749969424738404,Writing a Paper on Smart Infrastructure
zhuochl3,6c57b180-0ccb-4712-9fc9-aa6317e665e1,1716261888658694711,Revising Text on Energy-Efficient Buildings
hsinga,a8b8657b-8bf7-4cd0-8d00-411e12dafc93,1716434302211546431,Achieving Parallel Structure in Writing
vinhn7,dbbcd369-9014-40bb-8d6d-dcae93ee54db,1716499896696816070,Enhancing Technical Depth in Water Crisis Draft
isaiahch,642df191-88fb-4aab-8b14-7a50022ba447,1716778774367889107,Improving Sentence for Human Tone
isaiahch,642df191-88fb-4aab-8b14-7a50022ba447,1716789207439162183,Improving Evaluation of Environmental Impact Study
isaiahch,642df191-88fb-4aab-8b14-7a50022ba447,1716856150956358239,Evaluating Autonomous Vehicles' Challenges and Adoption
nkxie,d977c89a-5b77-4d1c-a49d-e673991bf329,1717546150304326121,Writing a Thank You Note to Advisor
lbruce,fd7b75ff-b874-4a98-b2c0-36d95c7a915e,1717787223202474255,"""Enhancing Skateboard Park Proposal Persuasiveness"""